<?xml version="1.0" encoding="UTF-8"?>
<!DOCTYPE module SYSTEM "module.dtd">
<module>
  <name>grailsModule</name>
  <displayName>Magnolia Blossom Grails Module</displayName>
  <class>com.altaworks.magnolia.GrailsModule</class>
  <versionHandler>com.altaworks.magnolia.GrailsModuleVersionHandler</versionHandler>
  <version>1.0.0-SNAPSHOT</version>
  <dependencies>
    <dependency>
      <name>core</name>
      <version>4.1/*</version>
    </dependency>
    <dependency>
      <name>adminInterface</name>
      <version>4.1/*</version>
    </dependency>
    <dependency>
      <name>templating</name>
      <version>4.1/*</version>
    </dependency>
    <dependency>
      <name>fckEditor</name>
      <version>4.1/*</version>
    </dependency>
    <dependency>
      <name>blossom</name>
      <version>1.1/*</version>
    </dependency>
  </dependencies>
</module>
