<?xml version="1.0" encoding="UTF-8"?>
<beans xmlns="http://www.springframework.org/schema/beans"
       xmlns:xsi="http://www.w3.org/2001/XMLSchema-instance"
       xmlns:blossom="http://www.magnolia-cms.com/schema/blossom"
       xmlns:context="http://www.springframework.org/schema/context"
       xsi:schemaLocation="http://www.springframework.org/schema/beans http://www.springframework.org/schema/beans/spring-beans-2.5.xsd
		http://www.magnolia-cms.com/schema/blossom http://www.magnolia-cms.com/schema/blossom-1.2.xsd
		http://www.springframework.org/schema/context http://www.springframework.org/schema/context/spring-context-2.5.xsd">

	<context:annotation-config/>

    <!--
    not needed, we register them ourselves
	<context:component-scan base-package="grails.mgnl" use-default-filters="false">
		<context:include-filter type="annotation" expression="info.magnolia.module.blossom.annotation.Paragraph"/>
		<context:include-filter type="annotation" expression="info.magnolia.module.blossom.annotation.Template"/>
		<context:include-filter type="annotation" expression="info.magnolia.module.blossom.annotation.DialogFactory"/>
		<context:include-filter type="annotation" expression="info.magnolia.module.blossom.annotation.VirtualURIMapper"/>
		<context:include-filter type="assignable" expression="info.magnolia.cms.beans.config.VirtualURIMapping"/>
	</context:component-scan>
    -->

  <bean class="org.springframework.web.servlet.mvc.SimpleControllerHandlerAdapter" />
  <bean class="org.springframework.web.servlet.mvc.annotation.AnnotationMethodHandlerAdapter">
    <property name="customArgumentResolver">
      <bean class="info.magnolia.module.blossom.web.BlossomWebArgumentResolver" />
    </property>
  </bean>

  <bean class="info.magnolia.module.blossom.preexecution.BlossomHandlerMapping">
    <property name="targetHandlerMappings">
      <list>
        <bean class="org.springframework.web.servlet.mvc.annotation.DefaultAnnotationHandlerMapping">
          <property name="useDefaultSuffixPattern" value="false"/>
        </bean>
        <bean class="org.springframework.web.servlet.handler.BeanNameUrlHandlerMapping"/>
      </list>
    </property>
  </bean>

  <bean class="info.magnolia.module.blossom.view.UuidRedirectViewResolver">
    <property name="order" value="1" />
  </bean>
                        <!--
	<bean class="info.magnolia.module.blossom.view.TemplateViewResolver">
		<property name="order" value="2"/>
		<property name="prefix" value="/WEB-INF/templates/"/>
		<property name="viewNames" value="*.ftl"/>
		<property name="viewRenderer">
			<bean class="info.magnolia.module.blossom.view.FreemarkerTemplateViewRenderer"/>
		</property>
	</bean>

	<bean class="info.magnolia.module.blossom.view.TemplateViewResolver">
		<property name="order" value="3"/>
		<property name="prefix" value="/WEB-INF/templates/"/>
		<property name="viewNames" value="*.jsp"/>
		<property name="viewRenderer">
			<bean class="info.magnolia.module.blossom.view.JspTemplateViewRenderer"/>
		</property>
	</bean>
	-->
    <!--
	<bean class="info.magnolia.module.blossom.view.ParagraphViewResolver">
		<property name="order" value="4" />
		<property name="prefix" value="/WEB-INF/paragraphs/"/>
		<property name="suffix" value=".jsp"/>
		<property name="viewRenderer">
			<bean class="info.magnolia.module.blossom.view.JspParagraphViewRenderer"/>
		</property>
	</bean>
    -->

</beans>

